{
    "lr_acc": 0.8852459016393442,
    "rf_acc": 0.8524590163934426
}